Type,Name,Request Count,Failure Count,Median Response Time,Average Response Time,Min Response Time,Max Response Time,Average Content Size,Requests/s,Failures/s,50%,66%,75%,80%,90%,95%,98%,99%,99.9%,99.99%,100%
GET,/orders/{id}/eta,190,190,2700.0,2686.7960626259446,2668.7707999954,2738.6969999643043,0.0,3.2916543617890643,3.2916543617890643,2700,2700,2700,2700,2700,2700,2700,2700,2700,2700,2700
,Aggregated,190,190,2700.0,2686.7960626259446,2668.7707999954,2738.6969999643043,0.0,3.2916543617890643,3.2916543617890643,2700,2700,2700,2700,2700,2700,2700,2700,2700,2700,2700
