Type,Name,Request Count,Failure Count,Median Response Time,Average Response Time,Min Response Time,Max Response Time,Average Content Size,Requests/s,Failures/s,50%,66%,75%,80%,90%,95%,98%,99%,99.9%,99.99%,100%
GET,/orders/{id}/eta,585,585,2700.0,2687.0852721371475,2667.7002999931574,2733.464999939315,0.0,3.2604136174771323,3.2604136174771323,2700,2700,2700,2700,2700,2700,2700,2700,2700,2700,2700
,Aggregated,585,585,2700.0,2687.0852721371475,2667.7002999931574,2733.464999939315,0.0,3.2604136174771323,3.2604136174771323,2700,2700,2700,2700,2700,2700,2700,2700,2700,2700,2700
